userName,score,at,content
Dinda Nurfadilah,1,2026-05-05 09:06:28,gabisa dibuka
Haywel,1,2026-05-04 05:19:11,"Jujur untuk kali ini saya kecewa dengan pusat gadai . Karna saya jatuh tempo tggl 2 ,masih ada toleransi waktu sampai tggl 3. Sedangkan tggl 3 saya datang tutup. Dan sebelumnya saya juga tidak diberitahu klo misal 1 hari setelah jatuh tempo libur ,maka penebusannya keesokan harinya akan dikenakan denda 10%. Seharusnya ini menjadi point penting buat diingatkan ke customer. Saya coba pembayaran melalui aplikasi,ga bisa untuk pelunasan ,hanya bisa untuk perpanjang saja."
Novia Sri Damayanti,1,2026-05-02 13:42:59,ngebug ini aplikasi ?????
Ai Ai999,5,2026-05-02 03:14:13,pelanyanan cepat saya puass
Ladang Rekening,1,2026-05-01 09:32:09,"sangat kecewa sekali karena pas di gadaikan barang di cek tidak ada masalah, namun pas mau di ambil malah mati HP nya dan tidak ada pertanggung jawaban untuk perbaikan cabang kepala area pun malah tidak ada solusi yang sama sama menguntungkan kedua pihak"
Zulfikar EL-Abror,5,2026-04-30 12:26:02,TOP banget pokoknya
Cahyo Cah,1,2026-04-30 10:50:27,kurang.
Sopia Cantik,1,2026-04-30 03:00:44,taik customer nya gak ngingetin jatuh tempo kapok gadai hp disini malingping lebak banten taik
Heri Busaeri,5,2026-04-29 14:26:21,pelayanan baik dan proses mudah
Septya Dewi,1,2026-04-29 01:39:49,APK nya gak bisa dibuka lho kenapa ini ga mau di bayar kah cicilannya?
Deni Herdiana,1,2026-04-28 08:42:49,"bunga nya tinggi , ada pinalti keterlambatan 3 bulan 500rb . pinjam nya 1,5jt tebus 3bulan 3jt . ngerii kapok pinjam disini."
Achmad Firdaus,1,2026-04-28 03:27:40,"Respon lambat ketika menanyakan sesuat di whats app , padahal pas di kantor nya kalau ada yang di pertanyakan hubungi nomor tersebut tapi respon nya lamabat bngt"
Jairin Huja,1,2026-04-26 12:42:56,bpkb telat sehari bunga nya luar biasa
Deden Setiadi,5,2026-04-23 09:08:28,terbaik
Erina Erina,1,2026-04-21 09:17:42,tidak bisa login payah sudah verifikasi malah balik. lagi ke awal pas di buka aplikasi eror nih
Rudi Alfaruq,5,2026-04-19 05:12:30,Terpercaya aman dan cepat
Kevin Prasetyo,1,2026-04-18 13:45:58,kecewa nebus hp. tp hp nya jdi pada lecet kaya bekas dipakai sma orang lain
samsul maarif,1,2026-04-18 06:21:38,"ada kelalaian dalam nyimpan barang customer, anti gores hp saya rusak waktu nebus,walau di ganti tidak sesuai dengan khulitas dengan yang sebelumnya sudah terpasang"
Romi Romansyah,5,2026-04-18 01:50:34,proses cepat
Mamen Sulme,5,2026-04-17 02:43:24,lumayan buat nyambung
Untung Situmorang channel,5,2026-04-16 18:31:39,good
onong sio,1,2026-04-15 12:38:50,"sangat kecewa sama PEGADAIAN ini kebanyakan bicara panjang kali lebar disuruh nunggu , 3 bulan kemarin masih bisa sekarang malah gk bisa...coba tolong teller nya di kasih alat untuk pengecekan teliti bisa atau tidak , jangan udah dirinciin DISURUH NUNGGU tiba² DITOLAK , memang betul smartwatch samsung fit 3 saya murah tapi jangan di cantumin di aplikasi , lebih baik di tolak dari awal dari pada harus nunggu. lokasi ( PGI jalan kamal raya 15 & 16 Cengkareng BARAT ) TERIMA KASIH !!"
Faris Hartono,1,2026-04-14 05:58:32,"klo mau gade mending jgn disini tempat lain jauhhhh lbh baik disini cuma menang nama krna ada kata ""pusat"" dan tempatnya rapih2 tp BUNGAnya gila bgt jauh lbh drpd yg lain RENTENIR berkedok LEGALITAS pantes kaya itu andrew susanto ngoceh sono sini udh kyk paling bner intinya lu gade disini 3 bulan kurang 1 hari lu harus bayar perpanjang 68% berikut itungannya gadai bpkb 2jt-220(jasa+admin)= 1.780.000 3bulan kurang 1 hari lu harus bayar perpanjang 1.215.000(bukti ss) gila kan klo lu harus gade"
Muhamad Zulfikar,1,2026-04-14 03:36:16,knp d hp saya g bisa k buka y
Didik purwati,1,2026-04-13 13:15:39,"saat butuh uang sangat cepat proses , cuman saya sangat amat kecewa pada saat nebus lewat dari jatuh tempo , hp saya katanya uda di pusat dan proses lelang , jika mau di lunasin kata cs nya barang hp nyampe kira kira 2 minggu oke saya tunggu , sudah 2 minggu belum datang juga hp sy...sy suruh lah koordinasi ke pusat eh koordinasi nya lewat chat wa ke admin, harusnya by telpon justru lebih efektif ... pusat gadai indonesia cabang denpasar Jl pulau tarakan"
ELFA DWI,1,2026-04-13 07:27:29,pusat gadai parah data saya di ambil foto2 saya hilang semua hati2
Disin W,5,2026-04-11 10:42:43,ok
Andri Saputra512,5,2026-04-10 22:43:05,sangat memuaskan pelayanan nya
Dzihan lasmana putri,2,2026-04-10 14:08:27,kecewa gadai d sini hp d pake poto d album pada ilang pelayananya tidak seperti dulu
Sunarti Sunarti,5,2026-04-09 12:22:07,Terima kasih Pusat Gadai
Enung Jamaludin,2,2026-04-07 07:57:55,di chat responya agak lama beda sama kalo datang langsung kakaknya responya baik sama gercep juga
Sultan Andra,5,2026-04-06 16:19:41,mantap
Tasya Fartikasari,1,2026-04-06 14:38:03,gak banget sama aplikasi nya
jamaludin34,1,2026-04-06 11:32:03,pemotongan di awal terlalu nyekek ekekekekekekekk
Anime Lov,1,2026-04-06 02:28:04,loding malah ga bisa di buka
Herman Suherman,5,2026-04-05 07:33:04,Best App
Diaan Hana,2,2026-04-04 01:20:58,min kenapa aplikasinya tidak bisa dibuka?udah berkali kali instal lalu uninstall tapi tampilan tetap awal tidak bisa masuk. . .
Ega Permana,1,2026-04-02 03:54:24,"Jangan mau gadai barang perusahaan swasta, saya sdh banyar perpajngan sdh hampir ke dipikir² lebih dari ........., toleransinya sebentarrr, lebih baik ke PEGADAIAN saja"
Deden P. Alam,1,2026-04-01 09:42:52,"kecewa barang yg dijaminkan rusak, pusat gadai tidak mau tanggung jawab"
Deni Ramdani,4,2026-03-31 03:49:33,"gadai logam mulia yg notabene untuk dana darurat cukup terbantu dengan taksiran tertinggi, layanan pelanggan sangat ramah lingkungan, saya kurangi jadi 4 bintang karena cek lokasi cabang loading mulu. mohon perbaiki"
mzi azkia,1,2026-03-30 16:32:05,gila bgt gadai dsni BPKB bayar perpanjang nya bunga nya tinggi bgt astagfirullah laknatullah ya allah lillahi ta ala ga lagi lagi gadaiin BPKB dsni dpt pinjaman 2.3jt tpi bayar harus 10jt lebih karena perpanjang+ bunga nya yg astagfirullah nya tinggi bgt urusan kalian yg ngasih bunga tinggi akan saya pertanggungjawabkan di akhirat lillahi ta ala laknatullah dunia akhirat ga ikhlas
Tedi Chanel,1,2026-03-30 05:49:03,kenapa gk bisa di buka ya
Riee Rien HW,1,2026-03-29 12:05:27,lu harus banyak belajar dari indogadai. indogadai itu sebelum tgl jatoh tempo karyawannya udah pada bawel wa mengingatkan. klo pgi pada males tiba2 nasabah lupa baru kelewat 2hari tiba2 denda udah 80ribu kan gila
afrizal rasyidana,1,2026-03-29 07:08:55,"apk dengan offline sm2 ga jelas. mau pelunasan telat 2.5bln , bayar bunga + pokok nya, padahal di awal pencairan udah di potong awal, ya sama aja kalo fi bayar total bayar pokok nya 3.5bln sendiri. udah gt mau di tebus, HP nya udah di reset lagi, padahal dpt info via WA terakhir tgl sekian, pas kesana juga HP nya udah ke reset. mending pindah fi pandai gadai, itungan nya jelas, ini kagak danta pisan."
nayya keysa,1,2026-03-25 14:02:53,bunganya gede bgt dipotong di awal pas pelunasan pun full bunga nya.tdk ada kebijakan sy gade 2 hari doang tp tetep gda potongan byr full dah potong bunga di awal byr full ga seperti indogadai pake persentase ditebus brp hari ada potongan&indogadai ga dipotong bunga di awal
Maylani Triyanti,2,2026-03-25 09:47:44,daftar aja belom udh masuk aja. gada tulisan daftarnya. loll
Setia Channel,1,2026-03-25 08:00:13,Pelayanan gak memuaskan Mau tebus hp ponakan sendri ribet banget . pusat gadai bayak ini itu.. Padahal ktp ada vidio call iyaa.. Masih ada di mintai berkas lain nya .. Pusat gadai apa ini.
Sutisna Trisna,5,2026-03-24 08:08:27,pelayanan mantap.
kartika 03,1,2026-03-24 02:39:13,aplikasi ga jls download ga bs di gunain masuk ke akun. atau daftar selalu bgtu jwbnya no handphone salah pdhl sy Bru ini menggunakan aplikasi pusat gadai
Risky Aqmal Fahrezi,1,2026-03-23 11:50:08,kocak banget pelayanan super lemot CS super slow respon begini ya standar kerja nya? gw bukan mau ngejelekin tapi yang gw rasain emang begitu anjir masa gw chat cs baru dibales jam 2 malem gila dikira gw kelelawar kali pokoknya mengecewakan banget gausah dipake
Suherli Karyawinangun,1,2026-03-22 12:23:07,"apk jelek parah,udah belasan kali login tapi ngga masuk masuk"
Sada Bright,5,2026-03-20 09:14:42,mantab
dede manisss,1,2026-03-18 15:04:52,"pelayananya bagus, hanya saja kecewa waktu pengambilan barang gadai(hp) karna buru-buru gak dicek lagi.waktu pengambilan lcd retak layar kadang error tiba-tiba dan pembayaran via online/Tf gak bisa semua bank/Dompet digital jdi harus tarik tunai jdi bulak balik."
Martono Abenk,5,2026-03-18 13:07:58,bagus
erni Chika,5,2026-03-17 14:25:05,sangat membantu
rizki mardanu,1,2026-03-17 00:33:30,"masa iya ga ke buka apk nya, udah nunggu 10 menit"
Wahyu Hidayat,5,2026-03-16 04:38:00,"aplikasinya mudah digunakan, lancar dan simple. good job pgi"
Bu Yung,1,2026-03-16 02:19:51,"gadai indoisia ciangsana jelek bgt pelayananya,masa orang mau Nebus barng ribet bgt padahal udah bawa duwit udah bawa KTP,masa harus bawa surat kan aneh,payah kapok saya gadai di situ"
Suripto Aja,5,2026-03-14 02:00:33,mantap jdi gampang untuk transaksi
Zidni Maulana,1,2026-03-11 13:03:44,tidak ada kebijakan sama sekali waktu saya kasih informasi surat hilang dan posisi saya berada jauh dari cabang pusat gadai yang saya ajukan buat mengadaikan barang saya kepengen saya gpp gitu di wakilkan tapi di atas materai lah ini sama sekali GK bisa trus gmna caranya saya mau menebus dan tanda tangan surat hilang sedangkan saya tidak di lokasi cabang tsb waktu sya registrasi pake aplikasi ini gagal trus pdahal sya mengikuti ptunjuk nya jadi alhasil brang sya hngus sya merasa kcwa dan stop
Jamesh Bay,5,2026-03-11 08:42:59,sangat puas menggunakan aplikasi ini
Ramlan YT,1,2026-03-10 16:25:58,mau perpanjangan malan hari tidak bisa aneh banget aplikasi ini harusnya 24 jam bisa akses kalau telat gini jadi kena dendaa !!
Yefy Sudiar,1,2026-03-10 06:09:33,"tolong di perbaiki kinerja karyawan nya, kalau ada karyawan baru tolong di dampingin pas lagi ngelayanin customer. kesalahan nulis biaya perpanjangan , jadinya miskom sama customer pas mau bayar perpanjangan cabang ciputat 024"
Firman Firdaus,1,2026-03-08 12:59:19,aplikasi gak bisa dibuka
rizki Yansyah,1,2026-03-07 12:08:12,ko apk ga bisa di buka
Efendi Apud,5,2026-03-07 10:49:16,good
Juwita Aryani,2,2026-03-07 08:27:21,"saya baru pertama kali punya aplikasi gadai ini,tdinya enak bgt buat bayar perpanjangan ga repot,suau saat aplikasi saya kehapus.nah saya download ulang tapi ko malah ga bisa d buka..aneh bgt.sudah melakukan cara yg d kasih tau customer service.tetep saja ga bisa,gimana ini,kacau dah"
Pupung Wijatmoko,1,2026-03-07 05:02:32,"Jangan mau gadai di tempat ini cabang manapun , proses lama dapet nya GK bersih Nebus nya full lagi parah mending gadai2 yg lain dapet nya bersih proses cepet bunga nya cmn 80 ribu"
Iwan Ynci,3,2026-03-07 04:54:11,"aplikasi sudah sebulan lebih error,seharusnya bikin aplikasi memudahan utk pembayan dll,Krn tidak semua org punya waktu ke kantor cabang"
Deni Deni,1,2026-03-07 01:19:06,Kapok pinjam disini lagi ... DC nya kasar
Rahel Ahmid,5,2026-03-06 10:04:10,okk
LAMPOR OFFICIAL,1,2026-03-04 06:16:55,"hati² yg mau gadai disini,, barang langsung hangus kalo ga tepat waktu, nyesel banget gadai disini."
Galih Krisna Sukmadewa,5,2026-03-04 02:10:22,Memberi Solusi Tanpa Harus Umbar Privasi💡
Hendry Resmana,1,2026-03-03 10:01:15,"Pegadean Sangat Buruk, sangat merugikan ....."
Durokhim Kaspan,5,2026-03-03 03:57:22,mudah memperoleh informasi sekitar jumlah angsuran dan jatuh temponya
ultraman 69,4,2026-03-02 23:59:20,oke lumayan
Putri ambar arum,1,2026-03-02 08:10:54,"tolong lebih informatif dan simpati pada pelanggan ya para pegawai nya , selama perpanjang berbulanbulan baru tau kalo ada fitur ""cicilan"" untuk mengurangi pokok harga gadai barangnya, kalo tau saat bulan pertama perpanjang mungkin tidak akan keluar uang sebanyak ini:), kecewa, tolong di trainning lagi pegawai nya agar lebih simpati:)"
Khalifah Mikayla,1,2026-02-27 11:00:13,"gx rekomended sihh ini,,sumpah...mending gadai di pegadaian yg jangka waktunya 3bln dan kalo telat masih dikasih waktu 1 bln juga.tpi kalo ini gx sih! dan barang gx dilelang,kalo DI PEGADAIAN barang bisa dilelang."
Ahmad Bangunan,5,2026-02-27 05:44:56,mantap
Yusuf Bahrudin,1,2026-02-26 05:25:46,aplikasi apaan login gbisa gajelas
Arfan Prasetio,1,2026-02-25 17:44:26,"sangat mengecewakan sekali, pelayanan d toko tidak ramah pelayanan aplikasi lemot, sungguh mengecewakan, kapok ga lagi gadai d tempat ini"
Dita Ardianti,5,2026-02-24 10:18:25,puas
Dudung Ahmad,5,2026-02-23 12:36:37,mantap
Raya Callista,1,2026-02-23 08:21:43,tujuan di buat aplikasi itu harus nya mempermudah. buat fitur dana cicil untuk pembayaran pokok nya saja selama bisa dan mampu lama lama kn bisa lunas juga. ini mau cicil tagihan pokok harus beserta jasa di bulan berikut nya. lah podo 👎🏻👎🏻
tezarbriliants,1,2026-02-22 12:19:11,gabisa di buka aplikasi nya etdahhh stak logo
dana Wandy,1,2026-02-22 03:20:31,gimna mau masuk untuk pendaftaran aja GK ada di apk ini
Robby Akbar,1,2026-02-20 04:23:29,aplikasi ya tidak bisa di buka sama sekali .
Dick Chocolate,5,2026-02-20 00:23:04,mudah cepat dan pasti
Mario Calles,1,2026-02-18 10:23:26,pelayanan di gerai offline nya lelet sekali kebanyakan ngobrol karyawan nya apalagi gerai yang di jl.Ion martasasmita huh lama banget pelayanannya hampir 2 jam
EvHKraken (Dandi Gunawan),5,2026-02-18 09:53:20,nice
anziano Koesno (Roland koesno),5,2026-02-17 09:58:37,tob markotop. hanya saja pelayanan kadang suka jutek yg di cimanggis kelapa 2. tolong agar sopan santun karyawan nya mau kpd siapapun org dan barang apapun tetap dihormati. jgn liat dari casingnya saja tapi liat isinya. bravo pgi
ellani boomer,5,2026-02-16 00:17:29,"di cabang pelayanan cepat, jika harus menunggu jg tdk masalah karena tersedia ""Ais krim gratis,,, !"""
Bintiy mucha mucha,5,2026-02-15 14:17:05,mantap.prosess cepat
Red Cb,1,2026-02-15 07:31:42,no recommended 👎👎👎
risya nhikmah,1,2026-02-12 01:18:35,gimana sih ini aplikasi saya mau bayar tapi loading terus udah 3hari .
Slamet Meilana,5,2026-02-10 04:54:10,MANTUL BOSKU
Ridzwan Maulana,5,2026-02-09 05:15:41,"respon chat sangat lambat,padahal pegawai tidak terlalu sibuk,cs ny lambat banget. kasih bintang 5 biar ke up paling atas"
Harris Fadilah,1,2026-02-09 02:48:47,"aplikasi nya gak bisa dibuka, gak jelas"
Eko Setiawan,5,2026-02-08 11:25:39,proses tdk ribet pelayanan ramah
Asraai Raiii,1,2026-02-07 09:01:34,baru masuk gbsa krna nomor hp salah gajelas
